{
  "content": {
    "_creators": null,
    "architecture": 64,
    "base_exec_prefix": "/nix/store/jyvjawqnhnqhwrsinpvx1av7q2p2fcym-python3-3.10.18",
    "base_prefix": "/nix/store/jyvjawqnhnqhwrsinpvx1av7q2p2fcym-python3-3.10.18",
    "distutils_install": {
      "data": "",
      "headers": "include/python3.10/UNKNOWN",
      "platlib": "lib/python3.10/site-packages",
      "purelib": "lib/python3.10/site-packages",
      "scripts": "bin"
    },
    "exec_prefix": "/nix/store/jyvjawqnhnqhwrsinpvx1av7q2p2fcym-python3-3.10.18",
    "executable": "/nix/store/jyvjawqnhnqhwrsinpvx1av7q2p2fcym-python3-3.10.18/bin/python3.10",
    "file_system_encoding": "utf-8",
    "free_threaded": false,
    "has_venv": true,
    "implementation": "CPython",
    "max_size": 9223372036854775807,
    "original_executable": "/nix/store/jyvjawqnhnqhwrsinpvx1av7q2p2fcym-python3-3.10.18/bin/python3.10",
    "os": "posix",
    "path": [
      "/nix/store/yi4kj4gfb17gr6qyc62h7c2d8rhd0qgj-poetry-in-venv/env/lib/python3.10/site-packages/virtualenv/discovery",
      "/nix/store/zz7i75jb78idaz0rb1y1i4rzdyxq28vf-sitecustomize/lib/python/site-packages",
      "/nix/store/xpxqdrjisrwlpm2dnisd2r08iq2qx930-python3.10-pip-25.0.1/lib/python3.10/site-packages",
      "/nix/store/jyvjawqnhnqhwrsinpvx1av7q2p2fcym-python3-3.10.18/lib/python310.zip",
      "/nix/store/jyvjawqnhnqhwrsinpvx1av7q2p2fcym-python3-3.10.18/lib/python3.10",
      "/nix/store/jyvjawqnhnqhwrsinpvx1av7q2p2fcym-python3-3.10.18/lib/python3.10/lib-dynload",
      "/home/runner/workspace/.pythonlibs/lib/python3.10/site-packages",
      "/nix/store/jyvjawqnhnqhwrsinpvx1av7q2p2fcym-python3-3.10.18/lib/python3.10/site-packages",
      "/home/runner/workspace/.pythonlibs/lib/python3.10/site-packages",
      "/nix/store/dl6xr8gz142jqd6gzmh43r4za60hfv0c-python3.10-setuptools-80.7.1/lib/python3.10/site-packages",
      "/home/runner/workspace/.pythonlibs/lib/python3.10/site-packages/setuptools/_vendor"
    ],
    "platform": "linux",
    "prefix": "/nix/store/jyvjawqnhnqhwrsinpvx1av7q2p2fcym-python3-3.10.18",
    "real_prefix": null,
    "stdout_encoding": "utf-8",
    "sysconfig": {
      "makefile_filename": "/nix/store/jyvjawqnhnqhwrsinpvx1av7q2p2fcym-python3-3.10.18/lib/python3.10/config-3.10-x86_64-linux-gnu/Makefile"
    },
    "sysconfig_paths": {
      "data": "{base}",
      "include": "{installed_base}/include/python{py_version_short}{abiflags}",
      "platlib": "{platbase}/{platlibdir}/python{py_version_short}/site-packages",
      "platstdlib": "{platbase}/{platlibdir}/python{py_version_short}",
      "purelib": "{base}/lib/python{py_version_short}/site-packages",
      "scripts": "{base}/bin",
      "stdlib": "{installed_base}/{platlibdir}/python{py_version_short}"
    },
    "sysconfig_scheme": null,
    "sysconfig_vars": {
      "PYTHONFRAMEWORK": "",
      "abiflags": "",
      "base": "/nix/store/jyvjawqnhnqhwrsinpvx1av7q2p2fcym-python3-3.10.18",
      "installed_base": "/nix/store/jyvjawqnhnqhwrsinpvx1av7q2p2fcym-python3-3.10.18",
      "platbase": "/nix/store/jyvjawqnhnqhwrsinpvx1av7q2p2fcym-python3-3.10.18",
      "platlibdir": "lib",
      "py_version_short": "3.10"
    },
    "system_executable": "/nix/store/jyvjawqnhnqhwrsinpvx1av7q2p2fcym-python3-3.10.18/bin/python3.10",
    "system_stdlib": "/nix/store/jyvjawqnhnqhwrsinpvx1av7q2p2fcym-python3-3.10.18/lib/python3.10",
    "system_stdlib_platform": "/nix/store/jyvjawqnhnqhwrsinpvx1av7q2p2fcym-python3-3.10.18/lib/python3.10",
    "version": "3.10.18 (main, Jun  3 2025, 18:23:41) [GCC 14.3.0]",
    "version_info": {
      "major": 3,
      "micro": 18,
      "minor": 10,
      "releaselevel": "final",
      "serial": 0
    },
    "version_nodot": "310"
  },
  "path": "/nix/store/jyvjawqnhnqhwrsinpvx1av7q2p2fcym-python3-3.10.18/bin/python3.10",
  "st_mtime": 1.0
}